<?xml version="1.0" encoding="UTF-8" standalone="yes"?>
<definitions xmlns="http://www.omg.org/spec/BPMN/20100524/MODEL" xmlns:activiti="http://activiti.org/bpmn" xmlns:bpmndi="http://www.omg.org/spec/BPMN/20100524/DI" xmlns:dc="http://www.omg.org/spec/DD/20100524/DC" xmlns:di="http://www.omg.org/spec/DD/20100524/DI" xmlns:tns="http://www.activiti.org/testm1608518650512" xmlns:xsd="http://www.w3.org/2001/XMLSchema" xmlns:xsi="http://www.w3.org/2001/XMLSchema-instance" expressionLanguage="http://www.w3.org/1999/XPath" id="m1608518650512" name="" targetNamespace="http://www.activiti.org/testm1608518650512" typeLanguage="http://www.w3.org/2001/XMLSchema">
  <process id="holiday" isClosed="false" isExecutable="true" name="请假审批流程" processType="None">
    <startEvent id="_2" name="StartEvent"/>
    <userTask activiti:assignee="zhangsan" activiti:exclusive="true" id="_3" name="请假审批"/>
    <userTask activiti:assignee="lisi" activiti:exclusive="true" id="_4" name="部门经理审批"/>
    <userTask activiti:assignee="wangwu" activiti:exclusive="true" id="_5" name="总经理审批"/>
    <endEvent id="_6" name="EndEvent"/>
    <sequenceFlow id="_7" sourceRef="_2" targetRef="_3"/>
    <sequenceFlow id="_8" sourceRef="_3" targetRef="_4"/>
    <sequenceFlow id="_9" sourceRef="_4" targetRef="_5"/>
    <sequenceFlow id="_10" sourceRef="_5" targetRef="_6"/>
  </process>
  <bpmndi:BPMNDiagram documentation="background=#FFFFFF;count=1;horizontalcount=1;orientation=0;width=842.4;height=1195.2;imageableWidth=832.4;imageableHeight=1185.2;imageableX=5.0;imageableY=5.0" id="Diagram-_1" name="New Diagram">
    <bpmndi:BPMNPlane bpmnElement="holiday">
      <bpmndi:BPMNShape bpmnElement="_2" id="Shape-_2">
        <dc:Bounds height="32.0" width="32.0" x="345.0" y="50.0"/>
        <bpmndi:BPMNLabel>
          <dc:Bounds height="32.0" width="32.0" x="0.0" y="0.0"/>
        </bpmndi:BPMNLabel>
      </bpmndi:BPMNShape>
      <bpmndi:BPMNShape bpmnElement="_3" id="Shape-_3">
        <dc:Bounds height="55.0" width="85.0" x="315.0" y="165.0"/>
        <bpmndi:BPMNLabel>
          <dc:Bounds height="55.0" width="85.0" x="0.0" y="0.0"/>
        </bpmndi:BPMNLabel>
      </bpmndi:BPMNShape>
      <bpmndi:BPMNShape bpmnElement="_4" id="Shape-_4">
        <dc:Bounds height="55.0" width="85.0" x="320.0" y="280.0"/>
        <bpmndi:BPMNLabel>
          <dc:Bounds height="55.0" width="85.0" x="0.0" y="0.0"/>
        </bpmndi:BPMNLabel>
      </bpmndi:BPMNShape>
      <bpmndi:BPMNShape bpmnElement="_5" id="Shape-_5">
        <dc:Bounds height="55.0" width="85.0" x="320.0" y="390.0"/>
        <bpmndi:BPMNLabel>
          <dc:Bounds height="55.0" width="85.0" x="0.0" y="0.0"/>
        </bpmndi:BPMNLabel>
      </bpmndi:BPMNShape>
      <bpmndi:BPMNShape bpmnElement="_6" id="Shape-_6">
        <dc:Bounds height="32.0" width="32.0" x="350.0" y="520.0"/>
        <bpmndi:BPMNLabel>
          <dc:Bounds height="32.0" width="32.0" x="0.0" y="0.0"/>
        </bpmndi:BPMNLabel>
      </bpmndi:BPMNShape>
      <bpmndi:BPMNEdge bpmnElement="_7" id="BPMNEdge__7" sourceElement="_2" targetElement="_3">
        <di:waypoint x="361.0" y="82.0"/>
        <di:waypoint x="361.0" y="165.0"/>
        <bpmndi:BPMNLabel>
          <dc:Bounds height="0.0" width="0.0" x="0.0" y="0.0"/>
        </bpmndi:BPMNLabel>
      </bpmndi:BPMNEdge>
      <bpmndi:BPMNEdge bpmnElement="_8" id="BPMNEdge__8" sourceElement="_3" targetElement="_4">
        <di:waypoint x="360.0" y="220.0"/>
        <di:waypoint x="360.0" y="280.0"/>
        <bpmndi:BPMNLabel>
          <dc:Bounds height="0.0" width="0.0" x="0.0" y="0.0"/>
        </bpmndi:BPMNLabel>
      </bpmndi:BPMNEdge>
      <bpmndi:BPMNEdge bpmnElement="_9" id="BPMNEdge__9" sourceElement="_4" targetElement="_5">
        <di:waypoint x="362.5" y="335.0"/>
        <di:waypoint x="362.5" y="390.0"/>
        <bpmndi:BPMNLabel>
          <dc:Bounds height="0.0" width="0.0" x="0.0" y="0.0"/>
        </bpmndi:BPMNLabel>
      </bpmndi:BPMNEdge>
      <bpmndi:BPMNEdge bpmnElement="_10" id="BPMNEdge__10" sourceElement="_5" targetElement="_6">
        <di:waypoint x="366.0" y="445.0"/>
        <di:waypoint x="366.0" y="520.0"/>
        <bpmndi:BPMNLabel>
          <dc:Bounds height="0.0" width="0.0" x="0.0" y="0.0"/>
        </bpmndi:BPMNLabel>
      </bpmndi:BPMNEdge>
    </bpmndi:BPMNPlane>
  </bpmndi:BPMNDiagram>
</definitions>
